Algeria,80,c:224,Ligue Professionnelle 1
Angola,68,c:488,Girabola
Argentina,60,c:667,Primera División
Australia,58,c:131,A-League
Austria,4,c:8,Bundesliga
Austria,4,c:132,Erste Liga
Belgium,6,c:10,First Division A
Belgium,6,c:-40,Pro League Play-Offs
Benin,90,c:-113,Premier League
Botswana,574,c:202,Premier League
Brazil,59,c:133,Série A
Bulgaria,7,c:11,A PFG
Chile,98,c:228,Primera División (Apertura)
Chile,98,c:660,Primera División (Clausura)
China,66,c:164,Super League
Croatia,8,c:12,Prva Liga
Cyprus,9,c:13,First Division
Czech Republic,27,c:89,1. liga
Denmark,10,c:14,Superligaen
Denmark,10,c:127,1. division
Egypt,77,c:223,Premier League
England,11,c:4,Premier League
England,11,c:82,Championship
England,11,c:83,League One
England,11,c:69,League Two
England,11,c:108,National League
England,11,c:673,WSL 1
England,11,c:707,WSL 2
Ethiopia,107,c:532,Premier League
Finland,55,c:72,Veikkausliiga
France,23,c:61,Ligue 1
France,23,c:88,Ligue 2
France,23,c:672,Division 1 Féminine
Gabon,160,c:539,Championnat National D1
Germany,12,c:1,Bundesliga 1
Germany,12,c:24,Bundesliga 2
Germany,12,c:513,3rd Liga
Germany,12,c:674,Frauen-Bundesliga
Greece,31,c:76,Super League
Guinea,111,c:506,Championnat National
Hungary,32,c:77,Nemzeti Bajnokság I
Israel,37,c:79,Ligat HaAl
Italy,13,c:19,Serie A
Italy,13,c:84,Serie B
Italy,13,c:526,Serie A Femminile
Japan,63,c:147,J. League 1
Japan,63,c:152,J. League 2
Japan,63,c:734,J. League 1 Championship Stage
Kenya,123,c:530,Premier League
Malawi,130,c:540,Super League
Mexico,67,c:171,Liga MX (Apertura)
Mexico,67,c:405,Liga MX (Clausura)
Morocco,134,c:220,Botola
N. Ireland,35,c:92,Premiership
Namibia,136,c:508,Premier League
Netherlands,14,c:15,Eredivisie
Netherlands,14,c:87,Eerste Divisie
Nigeria,137,c:218,Premier League
Norway,45,c:93,Tippeligaen
Poland,47,c:94,Ekstraklasa
Portugal,15,c:16,Primeira Liga
Qatar,171,c:217,Stars League
Rep. Ireland,34,c:95,Premier Division
Romania,24,c:96,Liga I
Russia,28,c:74,Premier League
Rwanda,141,c:536,National Soccer League
Scotland,16,c:17,Premiership
Scotland,16,c:3,Championship
Scotland,16,c:53,League One
Scotland,16,c:54,League Two
Senegal,85,c:225,Ligue 1
Serbia,88,c:545,SuperLiga
Slovakia,49,c:81,Super Liga
Slovenia,50,c:97,PrvaLiga
South Africa,89,c:222,Premier Division
South Korea,62,c:146,K League Classic
Spain,29,c:68,LaLiga
Spain,29,c:104,LaLiga2
Spain,29,c:678,Primera Div Femenina
Sudan,178,c:510,Premier League
Sweden,51,c:98,Allsvenskan
Sweden,51,c:129,Superettan
Sweden,51,c:527,Damallsvenskan
Switzerland,25,c:99,Super League
Tanzania,143,c:531,Ligi Kuu Bara
Thailand,157,c:210,Premier League
Tunisia,83,c:219,Ligue Professionnelle 1
Turkey,26,c:66,Süper Lig
Turkey,26,c:401,1. Lig
UAE,146,c:391,Arabian Gulf League
Ukraine,52,c:67,Premier League
Uruguay,153,c:743,Primera División
Wales,46,c:194,Premier League
Zambia,150,c:509,Super Division

Algeria,Ligue Professionnelle 1,11773,ASM Oran
Algeria,Ligue Professionnelle 1,9933,CR Belouizdad
Algeria,Ligue Professionnelle 1,9794,CS Constantine
Algeria,Ligue Professionnelle 1,11774,DRB Tadjenanet
Algeria,Ligue Professionnelle 1,8356,ES Sétif
Algeria,Ligue Professionnelle 1,5969,JS Kabylie
Algeria,Ligue Professionnelle 1,11776,JS Saoura
Algeria,Ligue Professionnelle 1,7623,MC Alger
Algeria,Ligue Professionnelle 1,11610,MC Oran
Algeria,Ligue Professionnelle 1,10825,MO Béjaïa
Algeria,Ligue Professionnelle 1,8695,NA Hussein Dey
Algeria,Ligue Professionnelle 1,10734,RC Arbaâ
Algeria,Ligue Professionnelle 1,11775,RC Rélizane
Algeria,Ligue Professionnelle 1,6360,USM Alger
Algeria,Ligue Professionnelle 1,11777,USM Blida
Algeria,Ligue Professionnelle 1,9932,USM El Harrach
Angola,Girabola,7054,1º de Agosto
Angola,Girabola,7056,Académica do Lobito
Angola,Girabola,7057,ASA
Angola,Girabola,1935,Benfica de Luanda
Angola,Girabola,8538,Bravos do Maquis
Angola,Girabola,7058,Desportivo Huíla
Angola,Girabola,11778,Domant
Angola,Girabola,7059,Interclube
Angola,Girabola,9546,Kabuscorp
Angola,Girabola,7061,Petro Atletico
Angola,Girabola,11779,Progresso da Lunda Sul
Angola,Girabola,7062,Progresso do Sambizanga
Angola,Girabola,8385,Recreativo da Caála
Angola,Girabola,10733,Recreativo do Libolo
Angola,Girabola,7063,Sagrada Esperança
Angola,Girabola,1943,Sporting de Cabinda
Argentina,Primera División,7529,Aldosivi
Argentina,Primera División,3362,Argentinos Juniors
Argentina,Primera División,5789,Arsenal de Sarandí
Argentina,Primera División,5791,Atlético de Rafaela
Argentina,Primera División,3506,Banfield
Argentina,Primera División,3363,Belgrano
Argentina,Primera División,3364,Boca Juniors
Argentina,Primera División,3366,Colón
Argentina,Primera División,9817,Crucero del Norte
Argentina,Primera División,7524,Defensa y Justicia
Argentina,Primera División,3367,Estudiantes de La Plata
Argentina,Primera División,3368,Gimna ' Plata 
Argentina,Primera División,5793,Godoy Cruz
Argentina,Primera División,3369,Huracán
Argentina,Primera División,3370,Independiente
Argentina,Primera División,3371,Lanús
Argentina,Primera División,3373,Newell´s Old Boys
Argentina,Primera División,3505,Nueva Chicago 
Argentina,Primera División,5944,Olimpo
Argentina,Primera División,6404,Quilmes
Argentina,Primera División,3374,Racing Club
Argentina,Primera División,3375,River Plate 
Argentina,Primera División,3376,Rosario Central 
Argentina,Primera División,3377,San Lorenzo
Argentina,Primera División,7468,San Martín de San Juan
Argentina,Primera División,10473,Sarmiento
Argentina,Primera División,9699,Temperley
Argentina,Primera División,7469,Tigre
Argentina,Primera División,3379,Unión de Santa Fe
Argentina,Primera División,3380,Vélez Sarsfield
Australia,A-League,6409,Adelaide United
Australia,A-League,6806,Brisbane Roar
Australia,A-League,6807,Central Coast Mariners
Australia,A-League,8975,Melbourne Heart
Australia,A-League,6808,Melbourne Victory
Australia,A-League,3257,Newcastle United Jets
Australia,A-League,3251,Perth Glory
Australia,A-League,6809,Sydney FC
Australia,A-League,7439,Wellington Phoenix
Australia,A-League,9682,Western Sydney Wanderers
Austria,Erste Liga,9582,Austria Klagenfurt
Austria,Erste Liga,10561,Austria Salzburg
Austria,Bundesliga,6454,Cashpoint SCR Altach
Austria,Erste Liga,9849,FC Liefering
Austria,Bundesliga,264,FC Red Bull Salzburg
Austria,Bundesliga,270,FC Trenkwalder Admira
Austria,Erste Liga,6384,FC Wacker Innsbruck
Austria,Bundesliga,259,FK Austria Wien
Austria,Erste Liga,9351,Floridsdorfer AC
Austria,Erste Liga,5927,KSV 1919
Austria,Erste Liga,263,LASK Linz
Austria,Erste Liga,1465,SC Austria Lustenau
Austria,Erste Liga,7775,SC Wiener Neustadt
Austria,Bundesliga,269,SK Puntigamer Sturm Graz
Austria,Bundesliga,267,SK Rapid Wien
Austria,Erste Liga,7817,SKN St. Pölten
Austria,Bundesliga,3268,SV Josko Ried
Austria,Bundesliga,3525,SV Mattersburg
Austria,Bundesliga,7620,SV Scholz Grödig
Austria,Bundesliga,7004,Wolfsberger AC
Belgium,Pro League,319,Charleroi 
Belgium,Pro League,307,Club Brugge
Belgium,Pro League,309,KAA Gent
Belgium,Pro League,1175,KRC Genk
Belgium,Pro League,1177,KSC Lokeren
Belgium,Pro League,1448,KV Kortrijk
Belgium,Pro League,7450,KV Mechelen
Belgium,Pro League,1174,KVC Westerlo
Belgium,Pro League,9611,Mouscron-Péruwelz
Belgium,Pro League,317,Oostende
Belgium,Pro League,8997,Oud-Heverlee Leuven
Belgium,Pro League,323,RSC Anderlecht
Belgium,Pro League,318,Sint-Truidense VV
Belgium,Pro League,320,Standard Liège
Belgium,Pro League,5879,SV Zulte Waregem
Belgium,Pro League,9162,Waasland-Beveren
Botswana,Premier League,9557,Botswana Defence Force XI
Botswana,Premier League,11780,Botswana Railways Highlanders
Botswana,Premier League,9560,Extension Gunners
Botswana,Premier League,9561,FC Satmos
Botswana,Premier League,9562,Gaborone United
Botswana,Premier League,9558,Gilport Lions
Botswana,Premier League,11796,Green Lovers
Botswana,Premier League,11795,Jwaneng Galaxy
Botswana,Premier League,11797,Miscellaneous SC
Botswana,Premier League,9563,Mochudi Centre Chiefs
Botswana,Premier League,9565,Motlakase Power Dynamos
Botswana,Premier League,9566,Nico United
Botswana,Premier League,11798,Orapa United
Botswana,Premier League,9568,Police XI
Botswana,Premier League,11799,Sankoyo Bush Bucks
Botswana,Premier League,9570,Township Rollers
Brazil,Série A,3302,Atlético Mineiro
Brazil,Série A,3305,Atletico PR 
Brazil,Série A,5794,Avaí
Brazil,Série A,7200,Chapecoense
Brazil,Série A,3307,Corinthians
Brazil,Série A,3308,Coritiba
Brazil,Série A,3309,Cruzeiro
Brazil,Série A,5795,Figueirense
Brazil,Série A,3311,Flamengo 
Brazil,Série A,3312,Fluminense 
Brazil,Série A,3313,Goias 
Brazil,Série A,3286,Grêmio
Brazil,Série A,3314,Internacional 
Brazil,Série A,8089,Joinville
Brazil,Série A,1320,Palmeiras 
Brazil,Série A,1328,Ponte Preta
Brazil,Série A,1360,Santos 
Brazil,Série A,1361,São Paulo
Brazil,Série A,3324,Sport Recife
Brazil,Série A,2088,Vasco da Gama
Bulgaria,A PFG,326,Beroe Stara Zagora
Bulgaria,A PFG,327,Botev
Bulgaria,A PFG,6439,Cherno More Varna
Bulgaria,A PFG,3488,Levski Sofia
Bulgaria,A PFG,1516,Litex Lovech
Bulgaria,A PFG,335,Lokomotiv Plovdiv
Bulgaria,A PFG,9188,Ludogorets Razgrad
Bulgaria,A PFG,337,Montana
Bulgaria,A PFG,339,Pirin
Bulgaria,A PFG,340,Slavia Sofia
Chile,Primera División (Apertura),7540,Antofagasta
Chile,Primera División (Clausura),7540,Antofagasta
Chile,Primera División (Apertura),7541,Audax Italiano
Chile,Primera División (Clausura),7541,Audax Italiano
Chile,Primera División (Clausura),10475,Barnechea
Chile,Primera División (Apertura),7553,Cobresal
Chile,Primera División (Clausura),7553,Cobresal
Chile,Primera División (Apertura),6434,Colo Colo
Chile,Primera División (Clausura),6434,Colo Colo
Chile,Primera División (Apertura),7549,Huachipato
Chile,Primera División (Clausura),7549,Huachipato
Chile,Primera División (Apertura),10321,Iquique
Chile,Primera División (Clausura),10321,Iquique
Chile,Primera División (Clausura),7545,Ñublense
Chile,Primera División (Apertura),7502,O'Higgins
Chile,Primera División (Clausura),7502,O'Higgins
Chile,Primera División (Apertura),7544,Palestino
Chile,Primera División (Clausura),7544,Palestino
Chile,Primera División (Apertura),8787,San Luis de Quillota
Chile,Primera División (Apertura),10474,San Marcos de Arica
Chile,Primera División (Clausura),10474,San Marcos de Arica
Chile,Primera División (Apertura),7473,Santiago Wanderers
Chile,Primera División (Clausura),7473,Santiago Wanderers
Chile,Primera División (Apertura),7542,Unión Española
Chile,Primera División (Clausura),7542,Unión Española
Chile,Primera División (Apertura),9673,Unión La Calera
Chile,Primera División (Clausura),9673,Unión La Calera
Chile,Primera División (Apertura),3038,Universidad Católica
Chile,Primera División (Clausura),3038,Universidad Católica
Chile,Primera División (Apertura),2089,Universidad de Chile
Chile,Primera División (Clausura),2089,Universidad de Chile
Chile,Primera División (Apertura),6432,Universidad de Concepción
Chile,Primera División (Clausura),6432,Universidad de Concepción
China,Super League,3392,Beijing Guoan
China,Super League,7504,Changchun Yatai
China,Super League,3745,Chongqing Lifan
China,Super League,7762,Guangzhou Evergrande
China,Super League,3748,Guangzhou R&F
China,Super League,8400,Guizhou Renhe
China,Super League,8877,Hangzhou Greentown
China,Super League,8850,Henan Jianye
China,Super League,9274,Jiangsu Guoxin-Sainty FC
China,Super League,7011,Liaoning Whowin
China,Super League,3742,Shandong Luneng
China,Super League,3738,Shanghai Greenland Shenhua
China,Super League,9275,Shanghai Shenxin
China,Super League,9601,Shanghai SIPG
China,Super League,10467,Shijiazhuang Ever Bright
China,Super League,3736,Tianjin Teda
Croatia,Prva Liga,366,Dinamo Zagreb
Croatia,Prva Liga,3487,Hajduk Split
Croatia,Prva Liga,364,Inter Zaprešic
Croatia,Prva Liga,363,Istra 1961
Croatia,Prva Liga,8151,Lokomotiva Zagreb
Croatia,Prva Liga,360,NK Osijek
Croatia,Prva Liga,357,Rijeka
Croatia,Prva Liga,8996,RNK Split
Croatia,Prva Liga,3107,Slaven Belupo
Croatia,Prva Liga,3109,Zagreb
Cyprus,First Division,7008,AEK Larnaca
Cyprus,First Division,343,AEL Limassol
Cyprus,First Division,344,Anorthosis Famagusta
Cyprus,First Division,345,APOEL 
Cyprus,First Division,346,Apollon Limassol
Cyprus,First Division,348,Aris Limassol
Cyprus,First Division,7301,Ayia Napa
Cyprus,First Division,8455,Doxa Katokopia
Cyprus,First Division,7006,Enosis Neon Paralimni
Cyprus,First Division,8571,Ermis Aradippou
Cyprus,First Division,349,Ethnikos Achna
Cyprus,First Division,350,Nea Salamis
Cyprus,First Division,352,Omonia Nicosia
Cyprus,First Division,11628,Pafos
Czech Rep.,1. liga,3531,1. FC Slovácko
Czech Rep.,1. liga,3105,1. FK P?íbram
Czech Rep.,1. liga,925,Baník Ostrava
Czech Rep.,1. liga,927,Baumit Jablonec
Czech Rep.,1. liga,922,Bohemians 1905
Czech Rep.,1. liga,7670,Dukla Praha
Czech Rep.,1. liga,926,FC Brno
Czech Rep.,1. liga,3731,Jihlava
Czech Rep.,1. liga,3723,Mladá Boleslav
Czech Rep.,1. liga,3477,Sigma Olomouc
Czech Rep.,1. liga,3476,Slavia Praha
Czech Rep.,1. liga,933,Slovan Liberec
Czech Rep.,1. liga,3475,Sparta Praha
Czech Rep.,1. liga,1565,Teplice
Czech Rep.,1. liga,929,Tescoma Zlín
Czech Rep.,1. liga,931,Viktoria Plze?
Denmark,Superligaen,373,Aalborg BK
Denmark,1. division,1502,AC Horsens
Denmark,Superligaen,1228,AGF Aarhus
Denmark,Superligaen,375,Brøndby IF
Denmark,Superligaen,1483,Esbjerg 
Denmark,1. division,9844,FC Helsingør
Denmark,Superligaen,378,FC København
Denmark,Superligaen,3223,FC Midtjylland
Denmark,Superligaen,5934,FC Nordsjælland 
Denmark,1. division,7820,FC Roskilde
Denmark,1. division,8774,FC Vestsjælland
Denmark,1. division,6302,Fredericia
Denmark,1. division,3070,HB Køge
Denmark,Superligaen,7651,Hobro IK
Denmark,1. division,379,Lyngby BK
Denmark,1. division,7253,Næstved
Denmark,Superligaen,1528,Odense BK
Denmark,Superligaen,6303,Randers
Denmark,1. division,382,Silkeborg IF
Denmark,1. division,7455,Skive IK
Denmark,Superligaen,3224,SønderjyskE
Denmark,1. division,1572,Vejle BK
Denmark,1. division,8630,Vendsyssel FF
Denmark,Superligaen,1574,Viborg FF
Egypt,Premier League,3484,Al Ahly
Egypt,Premier League,8146,Al-Masry
Egypt,Premier League,11790,Aswan
Egypt,Premier League,11789,El Dakhleya
Egypt,Premier League,8300,El Ittihad Alexandria
Egypt,Premier League,11788,El Mokawloon
Egypt,Premier League,11785,El-Entag El-Harby
Egypt,Premier League,7603,ENPPI
Egypt,Premier League,8301,Ghazl El-Mehalla
Egypt,Premier League,8295,Haras El Hodood
Egypt,Premier League,7424,Ismaily
Egypt,Premier League,8298,Ittihad El Shorta
Egypt,Premier League,11786,Misr El-Makasa
Egypt,Premier League,7602,Petrojet
Egypt,Premier League,10265,Smouha
Egypt,Premier League,8296,Tala'ea El-Gaish
Egypt,Premier League,9374,Wadi Degla
Egypt,Premier League,3490,Zamalek
England,League Two,2053,Accrington Stanley
England,League Two,7440,AFC Wimbledon
England,National League,594,Aldershot Town
England,National League,3303,Altrincham
England,Premier League,217,Arsenal
England,Women's Super League 1,11340,Arsenal Ladies
England,Premier League,218,Aston Villa
England,Women's Super League 2,11350,Aston Villa Ladies
England,League Two,496,Barnet
England,League One,391,Barnsley
England,National League,2050,Barrow
England,Championship,464,Birmingham City
England,Women's Super League 1,11342,Birmingham City Ladies
England,Championship,219,Blackburn Rovers
England,League One,475,Blackpool
England,Championship,390,Bolton Wanderers
England,National League,8079,Boreham Wood
England,Premier League,383,Bournemouth
England,League One,460,Bradford City
England,National League,7214,Braintree Town
England,Championship,476,Brentford
England,Championship,477,Brighton & Hove Albion 
England,Women's Super League 1,11343,Bristol Academy Ladies
England,Championship,392,Bristol City
England,League Two,478,Bristol Rovers
England,National League,7575,Bromley
England,Championship,394,Burnley
England,League One,5850,Burton Albion
England,League One,497,Bury
England,League Two,498,Cambridge United
England,Championship,499,Cardiff City
England,League Two,480,Carlisle United
England,Championship,395,Charlton Athletic
England,Premier League,220,Chelsea
England,Women's Super League 1,11336,Chelsea Ladies
England,National League,3003,Cheltenham Town
England,National League,10580,Chester
England,League One,481,Chesterfield
England,League One,501,Colchester United
England,League One,221,Coventry City
England,League Two,6456,Crawley Town
England,League One,482,Crewe Alexandra
England,Premier League,222,Crystal Palace
England,League Two,3328,Dagenham & Redbridge
England,Championship,396,Derby County
England,League One,503,Doncaster Rovers
England,Women's Super League 2,11345,Doncaster Rovers Belles
England,National League,3005,Dover Athletic
England,Women's Super League 2,11349,Durham Women
England,National League,6988,Eastleigh
England,Premier League,223,Everton
England,Women's Super League 2,11346,Everton Ladies
England,League Two,504,Exeter City
England,League One,7466,Fleetwood Town
England,National League,3015,Forest Green Rovers
England,Championship,505,Fulham
England,National League,7706,Gateshead
England,League One,506,Gillingham
England,National League,397,Grimsby Town
England,National League,7778,Guiseley
England,National League,592,Halifax 
England,League Two,507,Hartlepool United
England,Championship,463,Huddersfield Town
England,Championship,483,Hull City
England,Championship,225,Ipswich Town
England,National League,3014,Kidderminster Harriers
England,Championship,226,Leeds United
England,Premier League,227,Leicester City
England,League Two,510,Leyton Orient
England,National League,508,Lincoln City
England,Premier League,228,Liverpool
England,Women's Super League 1,11338,Liverpool Ladies
England,Women's Super League 2,11352,London Bees
England,League Two,385,Luton Town
England,National League,1417,Macclesfield Town
England,Premier League,229,Manchester City
England,Women's Super League 1,11337,Manchester City Women
England,Premier League,230,Manchester United
England,League Two,511,Mansfield Town
England,Championship,400,Middlesbrough
England,League One,401,Millwall
England,Women's Super League 2,11347,Millwall Lionesses
England,Championship,239,MK Dons
England,League Two,3013,Morecambe
England,Premier League,231,Newcastle United
England,League Two,1048,Newport County
England,League Two,512,Northampton Town
England,Premier League,232,Norwich City
England,Championship,233,Nottingham Forest
England,League Two,484,Notts County
England,Women's Super League 1,11341,Notts County Ladies
England,League One,465,Oldham Athletic
England,League Two,485,Oxford United
England,Women's Super League 2,11351,Oxford United Ladies
England,League One,486,Peterborough United
England,League Two,513,Plymouth Argyle
England,League One,467,Port Vale
England,League Two,466,Portsmouth
England,Championship,514,Preston North End
England,Championship,234,Queens Park Rangers
England,Championship,468,Reading
England,Women's Super League 2,11344,Reading Women
England,League One,515,Rochdale
England,Championship,487,Rotherham United
England,League One,517,Scunthorpe United
England,League One,469,Sheffield United
England,Championship,235,Sheffield Wednesday
England,League One,488,Shrewsbury Town
England,Premier League,236,Southampton
England,League One,470,Southend United
England,National League,2054,Southport
England,League Two,3007,Stevenage
England,Premier League,384,Stoke City
England,Premier League,457,Sunderland
England,Women's Super League 1,11339,Sunderland Ladies
England,Premier League,490,Swansea City
England,League One,491,Swindon Town
England,National League,518,Torquay United
England,Premier League,237,Tottenham Hotspur
England,National League,471,Tranmere Rovers
England,League One,492,Walsall
England,Premier League,472,Watford
England,Women's Super League 2,11353,Watford Ladies
England,National League,3019,Welling United
England,Premier League,473,West Bromwich Albion
England,Premier League,238,West Ham United
England,League One,519,Wigan Athletic
England,National League,3012,Woking 
England,Championship,474,Wolverhampton Wanderers
England,National League,493,Wrexham
England,League Two,494,Wycombe Wanderers
England,League Two,3008,Yeovil Town
England,Women's Super League 2,11348,Yeovil Town Ladies
England,League Two,495,York City
Ethiopia,Premier League,12011,Adama City
Ethiopia,Premier League,12014,Arba Minch
Ethiopia,Premier League,9929,Awassa City
Ethiopia,Premier League,12016,Commercial Bank of Ethiopia
Ethiopia,Premier League,12012,Dashen Beer
Ethiopia,Premier League,9927,Dedebit
Ethiopia,Premier League,9928,Defence Force
Ethiopia,Premier League,12015,Dire Dawa City
Ethiopia,Premier League,9931,EEPCO
Ethiopia,Premier League,9930,Ethiopian Coffee
Ethiopia,Premier League,12018,Hossana Kenema
Ethiopia,Premier League,8371,Saint-George
Ethiopia,Premier League,12017,Sidama Bunna
Ethiopia,Premier League,12013,Welayta Dicha
Finland,Veikkausliiga,3056,FC Inter Turku
Finland,Veikkausliiga,3063,FC Lahti
Finland,Veikkausliiga,608,FF Jaro
Finland,Veikkausliiga,9664,Helsinki IFK
Finland,Veikkausliiga,1449,HJK
Finland,Veikkausliiga,6774,IFK Mariehamn
Finland,Veikkausliiga,8896,Ilves Tampere
Finland,Veikkausliiga,10907,KTP
Finland,Veikkausliiga,3179,KuPS
Finland,Veikkausliiga,615,RoPS 
Finland,Veikkausliiga,9249,Seinäjoen JK
Finland,Veikkausliiga,3059,VPS Vaasa
France,Ligue 2,1419,AC Ajaccio
France,Ligue 2,1071,AJ Auxerre
France,Ligue 1,1170,Angers SCO
France,Ligue 1,581,AS Monaco FC
France,Ligue 2,1073,AS Nancy Lorraine
France,Ligue 1,587,AS Saint-Etienne
France,Division 1 Féminine,11385,ASPTT Albi Féminines
France,Ligue 2,6457,Bourg-en-Bresse
France,Ligue 2,5783,Clermont Foot
France,Ligue 2,1478,Créteil
France,Ligue 2,5943,Dijon FCO
France,Ligue 1,574,EA Guingamp
France,Division 1 Féminine,11389,EA Guingamp Féminines
France,Division 1 Féminine,11677,ÉSOFV La Roche
France,Ligue 1,1149,ESTAC
France,Ligue 2,8602,Evian TG FC
France,Ligue 1,1148,FC Lorient
France,Ligue 2,580,FC Metz
France,Ligue 1,583,FC Nantes
France,Ligue 2,1152,FC Sochaux Montbéliard
France,Division 1 Féminine,11387,FCF Juvisy Féminines
France,Ligue 1,8339,GFC Ajaccio
France,Ligue 1,571,Girondins de Bordeaux
France,Ligue 2,575,Havre AC
France,Ligue 1,577,LOSC Lille Métropole
France,Division 1 Féminine,11366,Montpellier Féminines
France,Ligue 1,582,Montpellier Hérault SC
France,Ligue 2,1047,Nîmes
France,Division 1 Féminine,11678,Nîmes Métropole Gard
France,Ligue 2,1156,Niort
France,Ligue 1,584,OGC Nice
France,Ligue 1,1046,Olympique de Marseille
France,Ligue 1,578,Olympique Lyonnais
France,Division 1 Féminine,11367,Olympique Lyonnais Féminin
France,Ligue 2,7476,Paris FC
France,Ligue 1,585,Paris Saint-Germain
France,Division 1 Féminine,11335,Paris Saint-Germain Féminines
France,Ligue 2,576,RC Lens
France,Ligue 2,1153,Red Star
France,Division 1 Féminine,11390,Rodez Féminines
France,Division 1 Féminine,11391,Saint-Étienne Féminines
France,Ligue 1,570,SC Bastia
France,Ligue 1,1072,SM Caen
France,Division 1 Féminine,11392,Soyaux Féminines
France,Ligue 2,1097,Stade Brestois 29
France,Ligue 1,5859,Stade de Reims
France,Ligue 2,1154,Stade Lavallois
France,Ligue 1,586,Stade Rennais FC
France,Ligue 1,1126,Toulouse FC
France,Ligue 2,1567,Tours FC
France,Ligue 2,1660,Valenciennes FC
France,Division 1 Féminine,11676,VGA Saint-Maur
Gabon,Championnat National D1,11838,Akanda
Gabon,Championnat National D1,12032,AO CMS
Gabon,Championnat National D1,11839,AS Pelican
Gabon,Championnat National D1,11837,FC 105
Gabon,Championnat National D1,8444,Mangasport
Gabon,Championnat National D1,9532,Missile FC
Gabon,Championnat National D1,10339,Mounana
Gabon,Championnat National D1,12033,Nguen'Asuku
Gabon,Championnat National D1,12034,Olympique de Mandji
Gabon,Championnat National D1,11842,Port-Gentil
Gabon,Championnat National D1,8443,Stade Mandji
Gabon,Championnat National D1,11841,Stade Migovéen
Gabon,Championnat National D1,11840,Union Sportive d'Oyem
Gabon,Championnat National D1,8445,US Bitam
Germany,Bundesliga 2,8442,1. FC Heidenheim
Germany,Bundesliga 2,76,1. FC Kaiserslautern
Germany,Bundesliga 1,84,1. FC Köln
Germany,Bundesliga 2,1420,1. FC Nürnberg
Germany,Bundesliga 2,3393,1. FC Union Berlin
Germany,Frauen-Bundesliga,11360,1. FFC Frankfurt
Germany,Bundesliga 1,1425,1. FSV Mainz 05
Germany,Frauen-Bundesliga,11383,1.FC Köln
Germany,Frauen-Bundesliga,11358,1899 Hoffenheim
Germany,Bundesliga 2,1100,Arminia Bielefeld
Germany,Bundesliga 1,77,Bayer 04 Leverkusen
Germany,Frauen-Bundesliga,11365,Bayer 04 Leverkusen
Germany,Bundesliga 1,75,Bayern München
Germany,Bundesliga 1,78,Borussia Dortmund
Germany,Bundesliga 1,83,Borussia Mönchengladbach
Germany,3rd Liga,1643,Chemnitzer FC
Germany,3rd Liga,86,Dynamo Dresden
Germany,Bundesliga 2,5920,Eintracht Braunschweig
Germany,Bundesliga 1,79,Eintracht Frankfurt
Germany,3rd Liga,1423,Energie Cottbus
Germany,3rd Liga,6381,Erzgebirge Aue
Germany,Bundesliga 1,3398,FC Augsburg 1907
Germany,Frauen-Bundesliga,11363,FC Bayern Munich
Germany,Bundesliga 1,7221,FC Ingolstadt 04
Germany,Bundesliga 1,87,FC Schalke 04
Germany,Bundesliga 2,1122,FC St. Pauli
Germany,Frauen-Bundesliga,11357,FF USV Jena
Germany,Bundesliga 2,1182,Fortuna Düsseldorf
Germany,3rd Liga,1422,Fortuna Köln
Germany,Bundesliga 2,7499,FSV Frankfurt
Germany,3rd Liga,8110,Hallescher
Germany,Bundesliga 1,85,Hamburger SV
Germany,Bundesliga 1,1430,Hannover 96
Germany,3rd Liga,1180,Hansa Rostock    
Germany,Bundesliga 1,1179,Hertha BSC
Germany,3rd Liga,7039,Holstein Kiel
Germany,Bundesliga 2,80,Karlsruher SC
Germany,3rd Liga,3396,Magdeburg
Germany,3rd Liga,6654,Mainz 05 II
Germany,Bundesliga 2,82,MSV Duisburg
Germany,3rd Liga,7040,Preußen Münster
Germany,Bundesliga 2,8479,RB Leipzig
Germany,3rd Liga,6458,Rot-Weiß Erfurt
Germany,Bundesliga 2,88,SC Freiburg
Germany,Frauen-Bundesliga,11359,SC Freiburg
Germany,Bundesliga 2,6659,SC Paderborn 07
Germany,Frauen-Bundesliga,11364,SC Sand
Germany,Frauen-Bundesliga,11361,SGS Essen
Germany,3rd Liga,8488,Sonnenhof Großaspach
Germany,Bundesliga 2,1424,SpVgg Greuther Fürth
Germany,3rd Liga,1427,Stuttgarter Kickers
Germany,Bundesliga 1,3402,SV Darmstadt 98
Germany,Bundesliga 2,7806,SV Sandhausen
Germany,3rd Liga,3390,SV Wehen Wiesbaden
Germany,Bundesliga 1,81,SV Werder Bremen
Germany,Frauen-Bundesliga,11700,SV Werder Bremen
Germany,3rd Liga,6667,SV Werder Bremen II
Germany,Bundesliga 1,6660,TSG 1899 Hoffenheim
Germany,Bundesliga 2,91,TSV 1860 München
Germany,Frauen-Bundesliga,11355,Turbine Potsdam
Germany,Bundesliga 1,92,VfB Stuttgart
Germany,3rd Liga,7047,VfB Stuttgart II
Germany,Bundesliga 2,89,VfL Bochum 
Germany,3rd Liga,3228,VfL Osnabrück
Germany,Bundesliga 1,1178,VfL Wolfsburg
Germany,Frauen-Bundesliga,11354,VfL Wolfsburg
Germany,3rd Liga,6665,VfR Aalen
Germany,3rd Liga,10943,Würzburger Kickers
Greece,Super League,3471,AEK Athens
Greece,Super League,7452,Asteras Tripolis
Greece,Super League,6394,Atromitos
Greece,Super League,1884,Iraklis 
Greece,Super League,9827,Kalloni
Greece,Super League,681,Levadiakos
Greece,Super League,3460,Olympiacos
Greece,Super League,3461,Panathinaikos
Greece,Super League,7523,Panetolikos
Greece,Super League,682,Panionios
Greece,Super League,7824,Panthrakikos
Greece,Super League,680,PAOK
Greece,Super League,7522,PAS Giannina
Greece,Super League,9780,Platanias
Greece,Super League,684,Skoda Xanthi
Greece,Super League,7453,Veria
Guinea,Championnat National,12022,ASFAG Conakry
Guinea,Championnat National,11897,Ashanti
Guinea,Championnat National,11896,Atlético Coléah
Guinea,Championnat National,11900,CI Kamsar
Guinea,Championnat National,11899,Fello Star
Guinea,Championnat National,11901,Gangan
Guinea,Championnat National,11898,Hafia
Guinea,Championnat National,11894,Horoya
Guinea,Championnat National,8338,Kaloum Star
Guinea,Championnat National,12023,Olympic Flame
Guinea,Championnat National,7640,Satellite
Guinea,Championnat National,11895,Soumba
Hungary,Nemzeti Bajnokság I,685,Békéscsaba
Hungary,Nemzeti Bajnokság I,692,Budapest Honvéd FC
Hungary,Nemzeti Bajnokság I,688,Debreceni VSC
Hungary,Nemzeti Bajnokság I,3083,Diósgyõri VTK
Hungary,Nemzeti Bajnokság I,3478,Ferencvárosi TC
Hungary,Nemzeti Bajnokság I,3081,MTK Budapest
Hungary,Nemzeti Bajnokság I,3560,Paksi SE
Hungary,Nemzeti Bajnokság I,10356,Puskás Akadémia
Hungary,Nemzeti Bajnokság I,7728,Szombathelyi Haladás
Hungary,Nemzeti Bajnokság I,1953,Újpest FC
Hungary,Nemzeti Bajnokság I,698,Vasas SC
Hungary,Nemzeti Bajnokság I,3087,Videoton FC
Israel,Ligat HaAl,711,Beitar Jerusalem
Israel,Ligat HaAl,7780,Bnei Sakhnin
Israel,Ligat HaAl,713,Bnei Yehuda
Israel,Ligat HaAl,8675,Hapoel Acre
Israel,Ligat HaAl,714,Hapoel Be'er Sheva
Israel,Ligat HaAl,716,Hapoel Haifa
Israel,Ligat HaAl,1869,Hapoel Kfar Saba
Israel,Ligat HaAl,8649,Hapoel Ra'anana
Israel,Ligat HaAl,719,Hapoel Tel Aviv
Israel,Ligat HaAl,8238,Ironi Kiryat Shmona
Israel,Ligat HaAl,721,Maccabi Haifa
Israel,Ligat HaAl,724,Maccabi Netanya
Israel,Ligat HaAl,725,Maccabi Petah Tikva
Israel,Ligat HaAl,726,Maccabi Tel Aviv
Italy,Serie A,29,AC Milan
Italy,Serie A Femminile,11706,ACF Brescia
Italy,Serie A Femminile,11707,ACF Firenze
Italy,Serie A Femminile,11705,AGSM Verona
Italy,Serie B,190,AS Bari
Italy,Serie B,1205,Ascoli
Italy,Serie A Femminile,11709,ASD Mozzanica
Italy,Serie A,603,Atalanta
Italy,Serie B,1196,Avellino
Italy,Serie A,1061,Bologna
Italy,Serie B,191,Brescia
Italy,Serie B,192,Cagliari
Italy,Serie A,1220,Carpi
Italy,Serie B,1056,Cesena
Italy,Serie A,1052,Chievo Verona
Italy,Serie B,1214,Como
Italy,Serie B,1265,Crotone
Italy,Serie A,1053,Empoli
Italy,Serie B,7868,Entella
Italy,Serie A,171,Fiorentina
Italy,Serie A,1281,Frosinone
Italy,Serie A,196,Genoa
Italy,Serie A Femminile,8046,GS Roma CF
Italy,Serie A,1066,Hellas Verona 
Italy,Serie A,41,Inter Milan
Italy,Serie A,197,Juventus
Italy,Serie B,1294,Latina
Italy,Serie A,198,Lazio
Italy,Serie B,1208,Livorno
Italy,Serie A Femminile,11708,Luserna
Italy,Serie B,1210,Modena
Italy,Serie B,1183,Novara
Italy,Serie A,1057,Palermo
Italy,Serie B,1062,Perugia
Italy,Serie B,1059,Pescara
Italy,Serie A Femminile,11747,Pink Bari
Italy,Serie B,1339,Pro Vercelli
Italy,Serie A Femminile,11746,Riviera di Romagna
Italy,Serie A,202,Roma
Italy,Serie B,1055,Salernitana
Italy,Serie A,203,Sampdoria
Italy,Serie A Femminile,11710,San Zaccaria
Italy,Serie A,1363,Sassuolo
Italy,Serie B,1374,Spezia
Italy,Serie A,199,SSC Napoli
Italy,Serie A Femminile,11711,Südtirol Damen
Italy,Serie B,1184,Ternana
Italy,Serie A,204,Torino
Italy,Serie B,8034,Trapani
Italy,Serie A,1065,Udinese
Italy,Serie A Femminile,8040,UPC Tavagnacco
Italy,Serie B,1067,Vicenza
Italy,Serie B,3517,Virtus Lanciano
Italy,Serie A Femminile,11712,Vittorio Veneto
Japan,J. League 1,3701,Albirex Niigata
Japan,J. League 2,3542,Avispa Fukuoka
Japan,J. League 2,3546,Cerezo Osaka
Japan,J. League 2,3540,Consadole Sapporo
Japan,J. League 2,7096,Ehime FC
Japan,J. League 2,8149,Fagiano Okayama
Japan,J. League 2,7610,FC Gifu
Japan,J. League 1,3538,FC Tokyo
Japan,J. League 1,2070,Gamba Osaka
Japan,J. League 2,8830,Giravanz Kitakyushu
Japan,J. League 2,3536,JEF United Chiba
Japan,J. League 2,3533,Júbilo Iwata
Japan,J. League 2,7607,Kamatamare Sanuki
Japan,J. League 1,3535,Kashima Antlers
Japan,J. League 1,3539,Kashiwa Reysol
Japan,J. League 1,3702,Kawasaki Frontale
Japan,J. League 2,3699,Kyoto Sanga
Japan,J. League 1,9206,Matsumoto Yamaga
Japan,J. League 2,3708,Mito Hollyhock
Japan,J. League 1,3703,Montedio Yamagata
Japan,J. League 1,3537,Nagoya Grampus
Japan,J. League 2,3705,Oita Trinita
Japan,J. League 2,3704,?miya Ardija
Japan,J. League 2,7615,Roasso Kumamoto
Japan,J. League 1,3706,Sagan Tosu
Japan,J. League 1,3498,Sanfrecce Hiroshima
Japan,J. League 1,3534,Shimizu S-Pulse
Japan,J. League 1,3709,Shonan Bellmare
Japan,J. League 2,6777,Thespa Kusatsu
Japan,J. League 2,7608,Tochigi S.C.
Japan,J. League 2,6778,Tokushima Vortis
Japan,J. League 2,3545,Tokyo Verdy
Japan,J. League 1,3543,Urawa Red Diamonds
Japan,J. League 1,3700,Vegalta Sendai
Japan,J. League 1,3707,Ventforet Kofu
Japan,J. League 1,3541,Vissel Kobe
Japan,J. League 2,7613,V-Varen Nagasaki
Japan,J. League 1,3544,Yokohama F. Marinos
Japan,J. League 2,3710,Yokohama FC
Japan,J. League 2,8381,Zweigen Kanazawa
Kenya,Premier League,11682,AFC Leopards
Kenya,Premier League,11820,Bandari
Kenya,Premier League,11821,Chemelil Sugar
Kenya,Premier League,8359,Gor Mahia
Kenya,Premier League,8369,Kenya Commercial Bank 
Kenya,Premier League,8360,Mathare United
Kenya,Premier League,11822,Muhoroni Youth
Kenya,Premier League,11823,Nairobi City Stars
Kenya,Premier League,11827,Nakuru AllStars
Kenya,Premier League,11824,Sofapaka
Kenya,Premier League,11825,Sony Sugar
Kenya,Premier League,11826,Thika United
Kenya,Premier League,8364,Tusker
Kenya,Premier League,8366,Ulinzi Stars
Kenya,Premier League,11828,Ushuru
Kenya,Premier League,11829,Western Stima
Malawi,Super League,11958,Airborne Rangers
Malawi,Super League,11952,Azam Tigers
Malawi,Super League,8441,BE FORWARD Wanderers
Malawi,Super League,11251,Big Bullets
Malawi,Super League,11951,Blue Eagles
Malawi,Super League,11955,Civo United
Malawi,Super League,11957,Dedza Young Soccer
Malawi,Super League,11956,EPAC United
Malawi,Super League,11953,Kamuzu Barracks
Malawi,Super League,11950,MAFCO
Malawi,Super League,11954,Moyale Barracks
Malawi,Super League,11959,Mzuni
Malawi,Super League,8446,Red Lions
Malawi,Super League,8440,Silver Strikers
Malawi,Super League,12021,Surestream Academy
Mexico,Liga MX (Apertura),3787,Atlas
Mexico,Liga MX (Clausura),3787,Atlas
Mexico,Liga MX (Apertura),3789,CD Guadalajara
Mexico,Liga MX (Clausura),3789,CD Guadalajara
Mexico,Liga MX (Apertura),3785,Club América
Mexico,Liga MX (Clausura),3785,Club América
Mexico,Liga MX (Apertura),8545,Club Tijuana
Mexico,Liga MX (Clausura),8545,Club Tijuana
Mexico,Liga MX (Apertura),3790,Cruz Azul
Mexico,Liga MX (Clausura),3790,Cruz Azul
Mexico,Liga MX (Apertura),6469,Doradas de Sinaloa
Mexico,Liga MX (Clausura),6469,Doradas de Sinaloa
Mexico,Liga MX (Apertura),5976,Jaguares de Chiapas
Mexico,Liga MX (Clausura),5976,Jaguares de Chiapas
Mexico,Liga MX (Apertura),3792,León
Mexico,Liga MX (Clausura),3792,León
Mexico,Liga MX (Apertura),3794,Monarcas Morelia
Mexico,Liga MX (Clausura),3794,Monarcas Morelia
Mexico,Liga MX (Apertura),3793,Monterrey
Mexico,Liga MX (Clausura),3793,Monterrey
Mexico,Liga MX (Apertura),3796,Pachuca
Mexico,Liga MX (Clausura),3796,Pachuca
Mexico,Liga MX (Apertura),3797,Puebla
Mexico,Liga MX (Clausura),3797,Puebla
Mexico,Liga MX (Apertura),5785,Querétaro FC
Mexico,Liga MX (Clausura),5785,Querétaro FC
Mexico,Liga MX (Apertura),3799,Santos Laguna
Mexico,Liga MX (Clausura),3799,Santos Laguna
Mexico,Liga MX (Apertura),3801,Tigres de la UANL
Mexico,Liga MX (Clausura),3801,Tigres de la UANL
Mexico,Liga MX (Apertura),3802,Toluca
Mexico,Liga MX (Clausura),3802,Toluca
Mexico,Liga MX (Apertura),3798,Universidad Nacional
Mexico,Liga MX (Clausura),3798,Universidad Nacional
Mexico,Liga MX (Apertura),3803,Veracruz
Mexico,Liga MX (Clausura),3803,Veracruz
Morocco,Botola,7500,Association Sportive des FAR
Morocco,Botola,11791,Chabab Rif Al Hoceima
Morocco,Botola,7600,Difaâ El Jadidi
Morocco,Botola,8694,Fath Union Sport
Morocco,Botola,9428,Hassania Agadir
Morocco,Botola,11793,Ittihad Riadi Tanger
Morocco,Botola,11792,KAC Kénitra
Morocco,Botola,8771,Kawkab Marrakech
Morocco,Botola,6365,MAS Fez
Morocco,Botola,11794,MC Oujda
Morocco,Botola,8915,Moghreb Tétouan
Morocco,Botola,10261,Olympic Safi 
Morocco,Botola,9542,Olympique Khouribga
Morocco,Botola,5956,Raja Casablanca
Morocco,Botola,11056,RS Berkane
Morocco,Botola,7646,Wydad Casablanca
N. Ireland,Premiership,6515,Ballinamallard United
N. Ireland,Premiership,782,Ballymena United
N. Ireland,Premiership,784,Carrick Rangers
N. Ireland,Premiership,785,Cliftonville
N. Ireland,Premiership,786,Coleraine
N. Ireland,Premiership,787,Crusaders
N. Ireland,Premiership,6411,Dungannon Swifts
N. Ireland,Premiership,9308,Glenavon
N. Ireland,Premiership,790,Glentoran
N. Ireland,Premiership,3500,Linfield
N. Ireland,Premiership,795,Portadown
N. Ireland,Premiership,10614,Warrenpoint Town
Namibia,Premier League,8536,African Stars
Namibia,Premier League,8535,Black Africa
Namibia,Premier League,7641,Blue Waters
Namibia,Premier League,11855,Citizens
Namibia,Premier League,7643,Civics Windhoek
Namibia,Premier League,7645,Eleven Arrows
Namibia,Premier League,11856,Flamingos
Namibia,Premier League,11857,Julinho Sporting
Namibia,Premier League,11858,Mighty Gunners
Namibia,Premier League,8537,Orlando Pirates
Namibia,Premier League,11859,Rundu Chiefs
Namibia,Premier League,11861,Tura Magic
Namibia,Premier League,11860,United Africa Tigers
Namibia,Premier League,11863,United Stars
Namibia,Premier League,11862,University of Namibia
Namibia,Premier League,11864,Young Chiefs
Netherlands,Eerste Divisie,6668,Achilles '29
Netherlands,Eredivisie,1082,ADO Den Haag
Netherlands,Eredivisie,553,Ajax
Netherlands,Eerste Divisie,5868,Almere City
Netherlands,Eredivisie,1075,AZ
Netherlands,Eredivisie,1171,De Graafschap
Netherlands,Eerste Divisie,1076,Den Bosch
Netherlands,Eredivisie,1081,Excelsior
Netherlands,Eerste Divisie,554,FC Dordrecht
Netherlands,Eerste Divisie,1079,FC Eindhoven
Netherlands,Eerste Divisie,1080,FC Emmen
Netherlands,Eredivisie,555,FC Groningen
Netherlands,Eerste Divisie,1950,FC Oss
Netherlands,Eredivisie,556,FC Twente
Netherlands,Eredivisie,557,FC Utrecht
Netherlands,Eerste Divisie,1074,FC Volendam
Netherlands,Eredivisie,1091,FC Zwolle
Netherlands,Eredivisie,558,Feyenoord
Netherlands,Eerste Divisie,1092,Fortuna Sittard
Netherlands,Eerste Divisie,559,Go Ahead Eagles
Netherlands,Eerste Divisie,1084,Helmond Sport
Netherlands,Eredivisie,1085,Heracles Almelo
Netherlands,Eerste Divisie,6687,Jong Ajax
Netherlands,Eerste Divisie,8786,Jong PSV
Netherlands,Eerste Divisie,560,MVV
Netherlands,Eerste Divisie,561,NAC Breda
Netherlands,Eredivisie,562,NEC
Netherlands,Eredivisie,563,PSV Eindhoven
Netherlands,Eerste Divisie,564,RKC Waalwijk
Netherlands,Eredivisie,565,Roda JC Kerkrade
Netherlands,Eredivisie,1077,SC Cambuur
Netherlands,Eredivisie,566,SC Heerenveen
Netherlands,Eerste Divisie,567,Sparta Rotterdam
Netherlands,Eerste Divisie,1087,Telstar
Netherlands,Eredivisie,387,Vitesse
Netherlands,Eerste Divisie,1090,VVV-Venlo
Netherlands,Eredivisie,568,Willem II
Nigeria,Premier League,11834,Abia Warriors
Nigeria,Premier League,9908,Akwa United
Nigeria,Premier League,8946,Bayelsa United
Nigeria,Premier League,9907,Dolphins
Nigeria,Premier League,11833,El-Kanemi Warriors
Nigeria,Premier League,3049,Enugu Rangers
Nigeria,Premier League,8693,Enyimba
Nigeria,Premier League,11835,Giwa
Nigeria,Premier League,9901,Heartland
Nigeria,Premier League,11830,Ifeanyi Ubah
Nigeria,Premier League,9903,Kano Pillars
Nigeria,Premier League,11832,Kwara United
Nigeria,Premier League,8941,Lobi Stars
Nigeria,Premier League,11831,Nasarawa United
Nigeria,Premier League,9906,Sharks
Nigeria,Premier League,9909,Shooting Stars
Nigeria,Premier League,9902,Sunshine Stars
Nigeria,Premier League,11836,Taraba
Nigeria,Premier League,8919,Warri Wolves
Nigeria,Premier League,7647,Wikki Tourists
Norway,Tippeligaen,5932,Aalesunds FK
Norway,Tippeligaen,857,Bodo Glimt 
Norway,Tippeligaen,3051,FK Haugesund
Norway,Tippeligaen,862,Lillestrøm SK
Norway,Tippeligaen,8851,Mjøndalen
Norway,Tippeligaen,1581,Molde FK
Norway,Tippeligaen,3061,ODD Grenland
Norway,Tippeligaen,863,Rosenborg BK
Norway,Tippeligaen,5933,Sandefjord
Norway,Tippeligaen,9076,Sarpsborg 08
Norway,Tippeligaen,3055,Stabæk
Norway,Tippeligaen,859,Start
Norway,Tippeligaen,866,Strømsgodset IF
Norway,Tippeligaen,867,Tromsø IL
Norway,Tippeligaen,860,Vålerenga
Norway,Tippeligaen,868,Viking FK
Poland,Ekstraklasa,6463,Cracovia
Poland,Ekstraklasa,6443,Górnik Leczna
Poland,Ekstraklasa,891,Górnik Zabrze
Poland,Ekstraklasa,7464,Jagiellonia Bia?ystok
Poland,Ekstraklasa,6993,Korona Kielce
Poland,Ekstraklasa,7235,Lech Pozna?
Poland,Ekstraklasa,7676,Lechia Gda?sk
Poland,Ekstraklasa,3466,Legia Warszawa
Poland,Ekstraklasa,7823,Piast Gliwice
Poland,Ekstraklasa,7685,Podbeskidzie Bielsko-Bia?a
Poland,Ekstraklasa,896,Pogon Szczecin
Poland,Ekstraklasa,7462,Ruch Chorzów
Poland,Ekstraklasa,7679,?l?sk Wroc?aw
Poland,Ekstraklasa,9427,Termalica Bruk-Bet Nieciecza
Poland,Ekstraklasa,3467,Wis?a Kraków
Poland,Ekstraklasa,903,Zag??bie Lubin
Portugal,Primeira Liga,1817,Académica
Portugal,Primeira Liga,9165,Arouca
Portugal,Primeira Liga,908,Belenenses
Portugal,Primeira Liga,1123,Benfica
Portugal,Primeira Liga,907,Boavista 
Portugal,Primeira Liga,3235,Estoril
Portugal,Primeira Liga,527,FC Porto
Portugal,Primeira Liga,526,Marítimo
Portugal,Primeira Liga,3456,Moreirense
Portugal,Primeira Liga,3417,Nacional
Portugal,Primeira Liga,3225,Paços de Ferreira
Portugal,Primeira Liga,1929,Rio Ave
Portugal,Primeira Liga,917,SC Braga
Portugal,Primeira Liga,389,Sporting CP
Portugal,Primeira Liga,9389,Tondela
Portugal,Primeira Liga,1952,União Madeira
Portugal,Primeira Liga,530,Vitória Guimarães
Portugal,Primeira Liga,1962,Vitória Setúbal
Qatar,Stars League,7193,Al-Ahli
Qatar,Stars League,7191,Al-Arabi
Qatar,Stars League,7194,Al-Gharafa
Qatar,Stars League,9531,Al-Kharaitiyat
Qatar,Stars League,7195,Al-Khor
Qatar,Stars League,8824,Al-Mesaimeer
Qatar,Stars League,6823,Al-Rayyan
Qatar,Stars League,5802,Al-Sadd
Qatar,Stars League,7198,Al-Sailiya
Qatar,Stars League,7196,Al-Wakrah
Qatar,Stars League,9376,El Jaish
Qatar,Stars League,8764,Lekhwiya
Qatar,Stars League,7192,Qatar SC
Qatar,Stars League,8382,Umm-Salal
Rep. Ireland,Premier Division,3499,Bohemian FC
Rep. Ireland,Premier Division,1987,Bray Wanderers
Rep. Ireland,Premier Division,771,Cork City
Rep. Ireland,Premier Division,772,Derry City
Rep. Ireland,Premier Division,1990,Drogheda United
Rep. Ireland,Premier Division,773,Dundalk
Rep. Ireland,Premier Division,10863,Galway FC
Rep. Ireland,Premier Division,6512,Limerick
Rep. Ireland,Premier Division,5819,Longford Town
Rep. Ireland,Premier Division,776,Shamrock Rovers
Rep. Ireland,Premier Division,2064,Sligo Rovers
Rep. Ireland,Premier Division,779,St. Patrick's Athletic
Romania,Liga I,8673,Astra Ploie?ti
Romania,Liga I,10519,Boto?ani
Romania,Liga I,6634,CFR Cluj
Romania,Liga I,9344,Concordia Chiajna
Romania,Liga I,946,Dinamo Bucure?ti
Romania,Liga I,7407,Pandurii Târgu Jiu
Romania,Liga I,9343,Petrolul Ploie?ti
Romania,Liga I,1978,Poli Timi?oara
Romania,Liga I,942,Steaua Bucure?ti
Romania,Liga I,11043,Studen?esc Ia?i
Romania,Liga I,9047,Târgu Mure?
Romania,Liga I,10934,Universitatea Craiova
Romania,Liga I,9064,Viitorul Constan?a
Romania,Liga I,11201,Voluntari
Russia,Premier League,3319,Amkar Perm
Russia,Premier League,5835,Anzhi Makhachkala
Russia,Premier League,635,CSKA Moskva
Russia,Premier League,3480,Dynamo Moskva
Russia,Premier League,8210,FC Krasnodar
Russia,Premier League,6450,FC Rostov
Russia,Premier League,640,Krylia Sovetov
Russia,Premier League,6550,Kuban Krasnodar
Russia,Premier League,642,Lokomotiv Moskva
Russia,Premier League,9187,Mordovia Saransk
Russia,Premier League,6453,Rubin Kazan
Russia,Premier League,3481,Spartak Moskva
Russia,Premier League,6522,Terek Grozny
Russia,Premier League,9231,Ufa
Russia,Premier League,8222,Ural
Russia,Premier League,3111,Zenit Saint Petersburg
Rwanda,National Soccer League,11933,Amagaju
Rwanda,National Soccer League,9655,APR FC
Rwanda,National Soccer League,11928,AS Kigali
Rwanda,National Soccer League,11938,Bugesera
Rwanda,National Soccer League,11932,Espoir
Rwanda,National Soccer League,12019,Etincelles
Rwanda,National Soccer League,11931,Gicumbi
Rwanda,National Soccer League,8753,Kiyovu
Rwanda,National Soccer League,11935,Marines
Rwanda,National Soccer League,12020,Muhanga
Rwanda,National Soccer League,11934,Mukura Victory Sports
Rwanda,National Soccer League,11936,Musanze
Rwanda,National Soccer League,11929,Police FC
Rwanda,National Soccer League,8389,Rayon Sport
Rwanda,National Soccer League,11937,Rwamagana City
Rwanda,National Soccer League,11930,Sunrise
Scotland,Premiership,205,Aberdeen
Scotland,League One,5945,Airdrie United
Scotland,League One,452,Albion Rovers
Scotland,Championship,453,Alloa Athletic
Scotland,League Two,7827,Annan Athletic
Scotland,League Two,454,Arbroath
Scotland,League One,451,Ayr United
Scotland,League Two,437,Berwick Rangers
Scotland,League One,441,Brechin City
Scotland,Premiership,206,Celtic
Scotland,League Two,433,Clyde
Scotland,League One,455,Cowdenbeath
Scotland,Championship,428,Dumbarton
Scotland,Premiership,408,Dundee
Scotland,Premiership,207,Dundee United
Scotland,League One,430,Dunfermline Athletic
Scotland,League Two,444,East Fife
Scotland,League Two,445,East Stirlingshire
Scotland,League Two,3222,Elgin City
Scotland,Championship,208,Falkirk
Scotland,League One,436,Forfar Athletic
Scotland,Championship,431,Greenock Morton
Scotland,Premiership,426,Hamilton Academical
Scotland,Premiership,95,Hearts
Scotland,Championship,209,Hibernian
Scotland,Premiership,447,Inverness C.T.
Scotland,Premiership,210,Kilmarnock
Scotland,Championship,438,Livingston
Scotland,League Two,439,Montrose
Scotland,Premiership,211,Motherwell
Scotland,Premiership,212,Partick Thistle
Scotland,League One,3221,Peterhead
Scotland,Championship,442,Queen Of The South
Scotland,League Two,446,Queen's Park
Scotland,Championship,213,Raith Rovers
Scotland,Championship,1,Rangers
Scotland,Premiership,456,Ross County
Scotland,Premiership,435,St Johnstone
Scotland,Championship,434,St Mirren
Scotland,League One,443,Stenhousemuir
Scotland,League Two,449,Stirling Albion
Scotland,League One,440,Stranraer
Senegal,Ligue 1,11845,AS Douanes
Senegal,Ligue 1,11851,ASC Diaraf
Senegal,Ligue 1,9526,ASC La Linguère
Senegal,Ligue 1,11846,ASC Niarry Tally
Senegal,Ligue 1,11847,ASC Suneor
Senegal,Ligue 1,11853,ASEC Ndiambour
Senegal,Ligue 1,10820,Casa Sports
Senegal,Ligue 1,9235,Diambars
Senegal,Ligue 1,11850,Guédiawaye
Senegal,Ligue 1,11849,Mbour Petite-Côte
Senegal,Ligue 1,11852,Olympique de Ngor
Senegal,Ligue 1,11848,Stade de Mbour
Senegal,Ligue 1,11854,US Gorée
Senegal,Ligue 1,9161,US Ouakam
Serbia,SuperLiga,749,Borac ?a?ak
Serbia,SuperLiga,758,Crvena Zvezda
Serbia,SuperLiga,8060,?ukari?ki Stankom
Serbia,SuperLiga,8195,Hajduk Kula
Serbia,SuperLiga,8239,Jagodina
Serbia,SuperLiga,8957,Javor Ivanjica
Serbia,SuperLiga,8773,Metalac Gornji Milanovac
Serbia,SuperLiga,10971,Mladost Lu?ani
Serbia,SuperLiga,9393,Novi Pazar
Serbia,SuperLiga,767,OFK Beograd
Serbia,SuperLiga,459,Partizan
Serbia,SuperLiga,7505,Rad
Serbia,SuperLiga,760,Radni?ki Niš
Serbia,SuperLiga,11625,Radnik Surdulica
Serbia,SuperLiga,8959,Spartak Zlatibor Voda
Serbia,SuperLiga,765,Vojvodina
Slovakia,Super Liga,8259,AS Tren?ín
Slovakia,Super Liga,740,DAC 1904 Dunajská Streda
Slovakia,Super Liga,5836,MFK Ružomberok
Slovakia,Super Liga,747,MŠK Žilina
Slovakia,Super Liga,8638,Senica
Slovakia,Super Liga,11624,Skalica
Slovakia,Super Liga,748,Slovan Bratislava
Slovakia,Super Liga,9721,Spartak Myjava
Slovakia,Super Liga,744,Spartak Trnava
Slovakia,Super Liga,7671,Šport Podbrezová
Slovakia,Super Liga,8177,ViOn Zlaté Moravce
Slovakia,Super Liga,10238,Zemplín Michalovce
Slovenia,PrvaLiga,970,Celje
Slovenia,PrvaLiga,7037,Domžale
Slovenia,PrvaLiga,973,Gorica
Slovenia,PrvaLiga,7363,Koper
Slovenia,PrvaLiga,10245,Krško
Slovenia,PrvaLiga,3483,Maribor
Slovenia,PrvaLiga,10994,NK Krka
Slovenia,PrvaLiga,10992,NK Zavr?
Slovenia,PrvaLiga,5840,Olimpija Ljubljana
Slovenia,PrvaLiga,7811,Rudar Velenje
South Africa,Premier Division,6559,Ajax Cape Town
South Africa,Premier Division,7683,Bidvest Wits
South Africa,Premier Division,6565,Bloemfontein Celtic
South Africa,Premier Division,10544,Chippa United
South Africa,Premier Division,6573,Free State Stars
South Africa,Premier Division,6561,Golden Arrows
South Africa,Premier Division,6570,Jomo Cosmos
South Africa,Premier Division,5807,Kaizer Chiefs
South Africa,Premier Division,1301,Mamelodi Sundowns
South Africa,Premier Division,8529,Maritzburg United
South Africa,Premier Division,8740,Mpumalanga Black Aces
South Africa,Premier Division,5968,Orlando Pirates
South Africa,Premier Division,6563,Platinum Stars
South Africa,Premier Division,10983,Polokwane City
South Africa,Premier Division,6564,SuperSport United
South Africa,Premier Division,10543,Tuks
South Korea,K League Classic,3356,Busan I'Park
South Korea,K League Classic,3359,Daejeon Citizen
South Korea,K League Classic,3351,FC Seoul
South Korea,K League Classic,9276,Gwangju FC
South Korea,K League Classic,6422,Incheon United
South Korea,K League Classic,7178,Jeju United
South Korea,K League Classic,3352,Jeonbuk Hyundai Motors
South Korea,K League Classic,3353,Jeonnam Dragons
South Korea,K League Classic,3354,Pohang Steelers
South Korea,K League Classic,3357,Seongnam
South Korea,K League Classic,3358,Suwon Samsung Bluewings
South Korea,K League Classic,3360,Ulsan Hyundai
Spain,Segunda División,6591,AD Alcorcón
Spain,Segunda División,1433,Alaves 
Spain,Segunda División,531,Albacete
Spain,Primera División,532,Athletic Bilbao
Spain,Primera División Femenina,11406,Athletic Club Emakumeen
Spain,Primera División,533,Atlético de Madrid
Spain,Primera División Femenina,11407,Atlético de Madrid Féminas
Spain,Primera División Femenina,11408,Barcelona Femení 
Spain,Segunda División,6601,Bilbao Athletic
Spain,Segunda División,1173,CA Osasuna
Spain,Segunda División,7224,CD Lugo
Spain,Segunda División,6580,CD Mirandés
Spain,Segunda División,1435,CD Numancia
Spain,Primera División,535,Celta de Vigo
Spain,Segunda División,3233,Córdoba CF
Spain,Primera División,537,Deportivo de La Coruña
Spain,Primera División,1445,Eibar
Spain,Segunda División,3295,Elche CF
Spain,Primera División Femenina,11410,Espanyol Femenino
Spain,Primera División,534,FC Barcelona
Spain,Primera División Femenina,11411,Fundación Albacete
Spain,Primera División,3454,Getafe CF
Spain,Segunda División,3521,Gimnàstic de Tarragona
Spain,Segunda División,5864,Girona FC
Spain,Primera División,7234,Granada CF
Spain,Segunda División,1446,Leganés
Spain,Primera División Femenina,11412,Levante Femenino
Spain,Primera División,3285,Levante UD
Spain,Segunda División,9400,Llagostera
Spain,Primera División,1439,Málaga CF
Spain,Primera División Femenina,11702,Oiartzun Kirol Elkartea
Spain,Primera División Femenina,11418,Oviedo Moderno
Spain,Segunda División,6607,Ponferradina
Spain,Primera División,541,Rayo Vallecano 
Spain,Primera División Femenina,11417,Rayo Vallecano Femenino
Spain,Primera División,538,RCD Espanyol
Spain,Segunda División,1172,RCD Mallorca
Spain,Primera División,542,Real Betis
Spain,Primera División,543,Real Madrid CF
Spain,Segunda División,544,Real Oviedo
Spain,Primera División,545,Real Sociedad
Spain,Primera División Femenina,11416,Real Sociedad Femenino
Spain,Primera División,550,Real Sporting de Gijón
Spain,Segunda División,546,Real Valladolid
Spain,Segunda División,547,Real Zaragoza
Spain,Primera División Femenina,11703,Santa Teresa CD
Spain,Segunda División,6615,SD Huesca
Spain,Primera División,549,Sevilla FC
Spain,Primera División Femenina,11414,Sporting Club de Huelva
Spain,Segunda División,551,Tenerife 
Spain,Primera División Femenina,11405,Transportes Alcaine
Spain,Segunda División,5925,UD Almería
Spain,Primera División Femenina,11409,UD Collerense Femenino
Spain,Primera División Femenina,11701,UD Granadilla Tenerife Sur
Spain,Primera División,1437,UD Las Palmas
Spain,Primera División,552,Valencia CF
Spain,Primera División Femenina,11413,Valencia Féminas
Spain,Primera División,1434,Villarreal CF
Sudan,Premier League,11809,Al Ahli Khartoum
Sudan,Premier League,11815,Al Hilal El-Fasher
Sudan,Premier League,11812,Al Hilal Kadougli
Sudan,Premier League,7639,Al Hilal Omdurman
Sudan,Premier League,11817,Al Khartoum
Sudan,Premier League,11813,Al Mirghani
Sudan,Premier League,11814,Al Rabita Kosti
Sudan,Premier League,11810,Al-Ahli Wad Medani
Sudan,Premier League,11811,Al-Ahly Shendi
Sudan,Premier League,8399,Alamal SC Atbara
Sudan,Premier League,7638,Al-Merrikh
Sudan,Premier League,9547,Al-Nesoor
Sudan,Premier League,11816,Hilal Al Obayed
Sudan,Premier League,11818,Merikh Kosti
Sudan,Premier League,11819,Merreikh Al-Fasher 
Sweden,Superettan,8118,AFC United
Sweden,Allsvenskan,1002,AIK
Sweden,Damallsvenskan,8202,AIK FF
Sweden,Superettan,3784,Ängelholms FF
Sweden,Superettan,3778,Assyriska Föreningen
Sweden,Allsvenskan,3783,Åtvidabergs FF
Sweden,Allsvenskan,1003,BK Häcken
Sweden,Superettan,8711,Degerfors IF
Sweden,Allsvenskan,3067,Djurgårdens IF
Sweden,Damallsvenskan,10826,Eskilstuna United DFF
Sweden,Allsvenskan,5986,Falkenbergs FF
Sweden,Damallsvenskan,10867,FC Rosengård
Sweden,Superettan,3210,GAIS
Sweden,Allsvenskan,3779,Gefle IF
Sweden,Allsvenskan,3209,GIF Sundsvall
Sweden,Allsvenskan,1005,Halmstads BK
Sweden,Allsvenskan,1006,Hammarby IF
Sweden,Damallsvenskan,8203,Hammarby IFDFF
Sweden,Allsvenskan,1007,Helsingborgs IF
Sweden,Superettan,5931,IF Brommapojkarna
Sweden,Allsvenskan,3069,IF Elfsborg
Sweden,Allsvenskan,1008,IFK Göteborg
Sweden,Allsvenskan,1009,IFK Norrköping
Sweden,Superettan,9124,IFK Värnamo
Sweden,Superettan,9847,IK Frej
Sweden,Superettan,7719,IK Sirius
Sweden,Superettan,7085,Jönköpings Södra IF
Sweden,Allsvenskan,3068,Kalmar FF
Sweden,Damallsvenskan,8197,KIF Örebro
Sweden,Damallsvenskan,8204,Kopparbergs/Göteborg FC
Sweden,Damallsvenskan,8201,Kristianstads DFF
Sweden,Damallsvenskan,8207,Linköpings FC
Sweden,Superettan,7698,Ljungskile SK
Sweden,Damallsvenskan,10266,Mallbackens IF
Sweden,Allsvenskan,1011,Malmö FF
Sweden,Superettan,3491,Mjällby AIF
Sweden,Allsvenskan,1013,Örebro SK
Sweden,Superettan,7729,Östersunds FK
Sweden,Damallsvenskan,8208,Piteå IF
Sweden,Superettan,8052,Syrianska FC
Sweden,Damallsvenskan,8198,Umeå IK
Sweden,Superettan,8640,Utsiktens BK
Sweden,Superettan,8053,Varbergs BoIS
Sweden,Damallsvenskan,9509,Vittsjö GIK
Switzerland,Super League,1016,BSC Young Boys
Switzerland,Super League,3193,FC Basel 1893
Switzerland,Super League,3197,FC Luzern
Switzerland,Super League,1021,FC Sion
Switzerland,Super League,3217,FC Thun
Switzerland,Super League,3529,FC Vaduz
Switzerland,Super League,3194,FC Zürich
Switzerland,Super League,3195,Grasshopper Club Zürich
Switzerland,Super League,6388,Lugano
Switzerland,Super League,3200,St Gallen 
Tanzania,Ligi Kuu Bara,11969,African Sports
Tanzania,Ligi Kuu Bara,8362,Azam
Tanzania,Ligi Kuu Bara,11970,Coastal Union
Tanzania,Ligi Kuu Bara,11973,Kagera Sugar
Tanzania,Ligi Kuu Bara,11974,Maji Maji
Tanzania,Ligi Kuu Bara,11975,Mbeya City
Tanzania,Ligi Kuu Bara,11971,Mgambo
Tanzania,Ligi Kuu Bara,8490,Mtibwa Sugar
Tanzania,Ligi Kuu Bara,11976,Mwadui
Tanzania,Ligi Kuu Bara,11977,Ndanda
Tanzania,Ligi Kuu Bara,8459,Prisons
Tanzania,Ligi Kuu Bara,11972,Ruvu Stars
Tanzania,Ligi Kuu Bara,8457,Simba Sports Club
Tanzania,Ligi Kuu Bara,11978,Stand United
Tanzania,Ligi Kuu Bara,11979,Toto African
Tanzania,Ligi Kuu Bara,8361,Young Africans
Thailand,Premier League,9614,Army United
Thailand,Premier League,6832,Bangkok Glass
Thailand,Premier League,10985,Bangkok United
Thailand,Premier League,5803,BEC Tero Sasana
Thailand,Premier League,9320,Buriram United
Thailand,Premier League,10683,Chainat Hornbill
Thailand,Premier League,10304,Chiangrai United
Thailand,Premier League,8408,Chonburi
Thailand,Premier League,8847,Muangthong United
Thailand,Premier League,11233,Nakhon Ratchasima
Thailand,Premier League,10986,Osotspa Saraburi
Thailand,Premier League,9149,Port
Thailand,Premier League,10987,Ratchaburi Mitr Phol
Thailand,Premier League,11232,Royal Thai Navy
Thailand,Premier League,11234,Saraburi
Thailand,Premier League,10409,Sisaket
Thailand,Premier League,9905,Suphanburi
Thailand,Premier League,10988,TOT
Tunisia,Ligue Professionnelle 1,11781,AS Kasserine
Tunisia,Ligue Professionnelle 1,7183,AS Marsa
Tunisia,Ligue Professionnelle 1,7185,CA Bizertin
Tunisia,Ligue Professionnelle 1,6367,Club Africain
Tunisia,Ligue Professionnelle 1,7184,CS Hammam-Lif
Tunisia,Ligue Professionnelle 1,6845,CS Sfaxien
Tunisia,Ligue Professionnelle 1,7182,EGS Gafsa
Tunisia,Ligue Professionnelle 1,11782,EO Sidi Bouzid
Tunisia,Ligue Professionnelle 1,11197,ES Métlaoui
Tunisia,Ligue Professionnelle 1,7180,ES Zarzis
Tunisia,Ligue Professionnelle 1,5955,Espérance de Tunis
Tunisia,Ligue Professionnelle 1,6820,Étoile du Sahel
Tunisia,Ligue Professionnelle 1,7188,JS Kairouan
Tunisia,Ligue Professionnelle 1,11783,Stade Gabèsien
Tunisia,Ligue Professionnelle 1,7181,Stade Tunisien
Tunisia,Ligue Professionnelle 1,11784,US Ben Guerdane
Turkey,1. Lig,9327,1461 Trabzon
Turkey,1. Lig,9418,Adana Demirspor
Turkey,1. Lig,6396,Adanaspor
Turkey,Süper Lig,9515,Akhisar Belediyespor
Turkey,1. Lig,11079,Alanyaspor
Turkey,1. Lig,11046,Alt?nordu
Turkey,Süper Lig,1029,Antalyaspor
Turkey,1. Lig,9424,Bal?kesirspor
Turkey,Süper Lig,3469,Be?ikta? JK
Turkey,1. Lig,8132,Boluspor
Turkey,Süper Lig,1032,Bursaspor
Turkey,Süper Lig,6406,Çaykur Rizespor
Turkey,1. Lig,1033,Denizlispor 
Turkey,1. Lig,6397,Elazigspor
Turkey,Süper Lig,7654,Eski?ehirspor
Turkey,Süper Lig,3474,Fenerbahçe
Turkey,Süper Lig,3468,Galatasaray
Turkey,1. Lig,8140,Gaziantep BB
Turkey,Süper Lig,1036,Gaziantepspor
Turkey,Süper Lig,1037,Gençlerbirli?i
Turkey,1. Lig,7655,Giresunspor
Turkey,1. Lig,8628,Göztepe
Turkey,Süper Lig,7459,?stanbul BB
Turkey,1. Lig,8135,Karabükspor
Turkey,1. Lig,8614,Kar??yaka
Turkey,Süper Lig,7460,Kasimpasa
Turkey,1. Lig,6466,Kayseri Erciyesspor
Turkey,Süper Lig,1038,Kayserispor
Turkey,Süper Lig,6405,Konyaspor
Turkey,Süper Lig,8615,Mersin ?dmanyurdu
Turkey,Süper Lig,11076,Osmanl?spor
Turkey,1. Lig,1042,Samsunspor
Turkey,1. Lig,8133,?anl?urfaspor
Turkey,Süper Lig,6999,Sivasspor
Turkey,Süper Lig,1045,Trabzonspor
Turkey,1. Lig,11077,Yeni Malatyaspor
UAE,Arabian Gulf League,6828,Al Ahli
UAE,Arabian Gulf League,6309,Al Ain
UAE,Arabian Gulf League,7601,Al Dhafra 
UAE,Arabian Gulf League,7534,Al Jazira
UAE,Arabian Gulf League,7573,Al Nasr
UAE,Arabian Gulf League,7589,Al Shaab
UAE,Arabian Gulf League,10436,Al Shabab
UAE,Arabian Gulf League,7204,Al Sharjah
UAE,Arabian Gulf League,5800,Al Wahda
UAE,Arabian Gulf League,3482,Al Wasl
UAE,Arabian Gulf League,10300,Al-Fujairah
UAE,Arabian Gulf League,9816,Baniyas
UAE,Arabian Gulf League,11033,Dibba Club
UAE,Arabian Gulf League,9788,Emirates
Ukraine,Premier League,6552,Chornomorets Odessa
Ukraine,Premier League,5839,Dnipro Dnipropetrovsk
Ukraine,Premier League,462,Dynamo Kyiv
Ukraine,Premier League,9722,Hoverla Uzhhorod
Ukraine,Premier League,7367,Karpaty Lviv
Ukraine,Premier League,6554,Metalist Kharkiv
Ukraine,Premier League,5983,Metalurh Zaporizhya
Ukraine,Premier League,9336,Oleksandria
Ukraine,Premier League,9944,Olimpik Donetsk
Ukraine,Premier League,3804,Shakhtar Donetsk
Ukraine,Premier League,11642,Stal Dniprodzerzhynsk
Ukraine,Premier League,6472,Volyn Lutsk
Ukraine,Premier League,6556,Vorskla Poltava
Ukraine,Premier League,9058,Zorya Luhansk
Uruguay,Primera División (Clausura),9731,Atenas
Uruguay,Primera División (Apertura),9049,Cerro
Uruguay,Primera División (Clausura),9049,Cerro
Uruguay,Primera División (Apertura),1269,Danubio
Uruguay,Primera División (Clausura),1269,Danubio
Uruguay,Primera División (Apertura),7584,Defensor Sporting
Uruguay,Primera División (Clausura),7584,Defensor Sporting
Uruguay,Primera División (Apertura),10498,El Tanque Sisley
Uruguay,Primera División (Clausura),10498,El Tanque Sisley
Uruguay,Primera División (Apertura),6425,Fénix
Uruguay,Primera División (Clausura),6425,Fénix
Uruguay,Primera División (Apertura),10497,Juventud
Uruguay,Primera División (Clausura),10497,Juventud
Uruguay,Primera División (Apertura),9053,Liverpool Montevideo
Uruguay,Primera División (Apertura),5971,Montevideo Wanderers
Uruguay,Primera División (Clausura),5971,Montevideo Wanderers
Uruguay,Primera División (Apertura),1312,Nacional Montevideo
Uruguay,Primera División (Clausura),1312,Nacional Montevideo
Uruguay,Primera División (Apertura),1323,Peñarol
Uruguay,Primera División (Clausura),1323,Peñarol
Uruguay,Primera División (Apertura),10784,Plaza Colonia
Uruguay,Primera División (Apertura),9062,Racing Club
Uruguay,Primera División (Clausura),9062,Racing Club
Uruguay,Primera División (Clausura),9525,Rampla Juniors
Uruguay,Primera División (Apertura),9598,Rentistas
Uruguay,Primera División (Clausura),9598,Rentistas
Uruguay,Primera División (Apertura),7441,River Plate Montevideo
Uruguay,Primera División (Clausura),7441,River Plate Montevideo
Uruguay,Primera División (Apertura),10991,Sud América
Uruguay,Primera División (Clausura),10991,Sud América
Uruguay,Primera División (Clausura),10990,Tacuarembó
Uruguay,Primera División (Apertura),11015,Villa Teresa
Wales,Premier League,869,Aberystwyth Town
Wales,Premier League,6509,Airbus UK Broughton
Wales,Premier League,9296,Bala Town
Wales,Premier League,871,Bangor City
Wales,Premier League,6502,Carmarthen Town
Wales,Premier League,874,Gap Connah's Quay
Wales,Premier League,6504,Haverfordwest County
Wales,Premier League,9150,Llandudno
Wales,Premier League,6508,Newtown
Wales,Premier League,6506,Port Talbot Town
Wales,Premier League,888,Rhyl
Wales,Premier League,883,The New Saints
Zambia,Super Division,11868,Forest Rangers
Zambia,Super Division,7631,Green Buffaloes
Zambia,Super Division,11151,Green Eagles
Zambia,Super Division,7635,Konkola Blades
Zambia,Super Division,7633,Lusaka Dynamos
Zambia,Super Division,11865,Mufulira Wanderers
Zambia,Super Division,11870,Nakambala Leopards
Zambia,Super Division,11869,Napsa Stars
Zambia,Super Division,11871,National Assembly
Zambia,Super Division,11867,Nchanga Rangers
Zambia,Super Division,9537,Nkana
Zambia,Super Division,11866,Nkwazi
Zambia,Super Division,7634,Power Dynamos
Zambia,Super Division,9919,Red Arrows
Zambia,Super Division,7632,Zanaco
Zambia,Super Division,7636,Zesco United